,region_bigger,GIS_AREA,Land_area,Number_of_posts,post_density_continent_total,post_density_continent_land
0,Africa,627083.3766366497,606017.4529999996,180767,0.2882662923860947,0.29828678877999265
1,Asia,325333.0725843628,311648.59700000007,326327,1.0030551072097948,1.047099210910293
2,Australia and New Zealand,308184.8073687429,306386.31799999985,201723,0.6545520583000011,0.6583942824757603
3,Europe,198868.15069725364,184170.5960000001,410160,2.0624720376889605,2.2270656060644978
4,Greenland,961673.21829721,865940.545,689,0.000716459590316948,0.0007956666355194166
5,Latin America and the Caribbean,607903.6455151332,427192.6489999997,179121,0.2946536039411545,0.4192979453632877
6,Northern America,426093.87437066314,414353.3560000001,1044805,2.452053556374561,2.5215314051903075
7,Oceania,11024.464713482743,3469.0930000000003,4025,0.365097091297094,1.160245631927423
