,region_bigger,GIS_AREA,id,post_density_continent
0,Africa,627073.0830275732,189844,0.3027462111488085
1,Asia,325333.0725843628,327162,1.0056217076275358
2,Australia and New Zealand,308184.8073687429,202328,0.6565151661026388
3,Europe,1171553.0652925652,418039,0.35682463934794584
4,Latin America and the Caribbean,607755.1169250808,168278,0.27688454661047956
5,Northern America,426197.35258901975,1054913,2.4751749244609877
6,Oceania,68.1123961540252,82,1.203892457616235
